{"events":[{"id":9748,"name":"Mountain MoodleMoot","description":"<p>July 9-11, 2014 - Helena, Montana <img src=\"@@PLUGINFILE@@\/mmlogo200.png\" alt=\"Mountain MoodleMoot\" style=\"float: right;\" height=\"210\" width=\"200\" \/><\/p>\r\n<p>A small personable Moodle Moot in the heart of the Rockies<\/p>\r\n<p>Further information: <a href=\"http:\/\/www.mountainmoot.com\/\">www.mountainmoot.com<\/a><\/p>\r\n<p>Tag: #mtmoot<\/p>","format":1,"courseid":1,"groupid":0,"userid":24152,"repeatid":0,"modulename":"Forum","courseName": "Moots course", "instance":0,"eventtype":"course","timestart":1404916200,"timeduration":7200,"visible":1,"uuid":"","sequence":1,"timemodified":1390900746,"subscriptionid":null},{"id":9983,"name":"Moodle 2.7.1 scheduled release","description":"<p>&nbsp;\r\nMoodle 2.7.1, Moodle 2.6.4 and Moodle 2.5.7 are scheduled to be released on this date.<\/p>","format":1,"courseid":1,"groupid":0,"userid":24152,"repeatid":0,"modulename":"0","instance":0,"eventtype":"site","timestart":1405372800,"timeduration":0,"visible":1,"uuid":"","sequence":1,"timemodified":1399930008,"subscriptionid":null},{"id":9867,"name":"Moodle Moot Colombia 2014","description":"<p>31 July - 1 August 2014<\/p>\r\n<p>Location: Bogota Colombia<\/p>\r\n<p>Further information: <a href=\"http:\/\/www.moodlemoot.org.co\/\">www.moodlemoot.org.co<\/a><\/p>\r\n<p>Tag: #mootco14<\/p>\r\n<p><\/p>","format":1,"courseid":1,"groupid":0,"userid":24152,"repeatid":0,"modulename":"0","instance":0,"eventtype":"site","timestart":1406815200,"timeduration":115200,"visible":1,"uuid":"","sequence":1,"timemodified":1397212617,"subscriptionid":null},{"id":9719,"name":"MoodleMoot Romania 2014","description":"<p>18 - 23 August 2014<\/p>\r\n<p>Location: Cluj-Napoca, Romania<\/p>\r\n<p>Further information: <a href=\"http:\/\/www.moodle.ro\/moot2014\">www.moodle.ro\/moot2014<\/a><\/p>","format":1,"courseid":1,"groupid":0,"userid":24152,"repeatid":0,"modulename":"0","instance":0,"eventtype":"site","timestart":1408345200,"timeduration":460800,"visible":1,"uuid":"","sequence":1,"timemodified":1389259729,"subscriptionid":null},{"id":9984,"name":"Moodle 2.7.2 scheduled release","description":"<p>Moodle 2.7.2, Moodle 2.6.5 and Moodle 2.5.8 are scheduled to be released on this date.<\/p>","format":1,"courseid":1,"groupid":0,"userid":24152,"repeatid":0,"modulename":"0","instance":0,"eventtype":"site","timestart":1410211500,"timeduration":0,"visible":1,"uuid":"","sequence":1,"timemodified":1399930088,"subscriptionid":null},{"id":9957,"name":"MoodleMoot NZ14","description":"<p>Wednesday 1st October to Friday 3rd October 2014<\/p>\r\n<p>Location:<span class=\"nolink\"> Nelson, New Zealand<br \/><\/span><\/p>\r\n<p><span class=\"nolink\">Further information: <a href=\"http:\/\/www.moodlemoot.co.nz\/\">www.moodlemoot.co.nz<\/a><br \/><\/span><\/p>\r\n<p><span class=\"nolink\">Tag: #mootnz14<\/span><\/p>","format":1,"courseid":1,"groupid":0,"userid":24152,"repeatid":0,"modulename":"0","instance":0,"eventtype":"site","timestart":1412107200,"timeduration":201600,"visible":1,"uuid":"","sequence":1,"timemodified":1399405922,"subscriptionid":null}],"warnings":[]}