{"parents":[{"contextid":1,"component":null,"filearea":null,"itemid":null,"filepath":null,"filename":"System"},{"contextid":62,"component":null,"filearea":null,"itemid":null,"filepath":null,"filename":"Terry Teacher"}],"files":[{"contextid":62,"component":"user","filearea":"private","itemid":0,"filepath":"\/Private folder 1 \u00f1\/","filename":"Private folder 1 \u00f1","isdir":true,"url":null,"timemodified":1406807749},{"contextid":62,"component":"user","filearea":"private","itemid":0,"filepath":"\/Private folder 2\/","filename":"Private folder 2","isdir":true,"url":null,"timemodified":1406807749},{"contextid":62,"component":"user","filearea":"private","itemid":0,"filepath":"\/","filename":"Ray.jpg","isdir":false,"url":"http:\/\/localhost\/m\/stable_24\/pluginfile.php\/62\/user\/private\/Ray.jpg","timemodified":1406807749}]}